;name;time_series_length;window_length;num_of_anomalies;ts_comparison_name;mmd_value;dwt_value;shapelet_similarity
0;MGAB_add_white_noise_1_8.test.out;10000;102;0;YAHOO_add_white_noise_05_YahooA3Benchmark-TS100_data.out;0.7410935984821608;265668.841;1.0
1;MGAB_add_white_noise_1_8.test.out;10000;102;0;YAHOO_add_white_noise_05_YahooA3Benchmark-TS10_data.out;0.7428835185343527;4538245.775;1.0
2;MGAB_add_white_noise_1_8.test.out;10000;102;0;YAHOO_add_white_noise_05_YahooA3Benchmark-TS11_data.out;0.7429837409226427;4571006.218;1.0
3;MGAB_add_white_noise_1_8.test.out;10000;102;0;YAHOO_add_white_noise_05_YahooA3Benchmark-TS12_data.out;0.7390523813946973;1075895.524;1.0
4;MGAB_add_white_noise_1_8.test.out;10000;102;0;YAHOO_add_white_noise_05_YahooA3Benchmark-TS13_data.out;0.7427024022084107;3899654.96;1.0
5;MGAB_add_white_noise_1_8.test.out;10000;102;0;YAHOO_add_white_noise_05_YahooA3Benchmark-TS14_data.out;0.7428943345565562;4478534.901;1.0
6;MGAB_add_white_noise_1_8.test.out;10000;102;0;YAHOO_add_white_noise_05_YahooA3Benchmark-TS15_data.out;0.7428483062500351;5355177.89;1.0
7;MGAB_add_white_noise_1_8.test.out;10000;102;0;YAHOO_add_white_noise_05_YahooA3Benchmark-TS16_data.out;0.7428762479735292;5918872.386;1.0
8;MGAB_add_white_noise_1_8.test.out;10000;102;0;YAHOO_add_white_noise_05_YahooA3Benchmark-TS17_data.out;0.7428397027435212;4777431.13;1.0
9;MGAB_add_white_noise_1_8.test.out;10000;102;0;YAHOO_add_white_noise_05_YahooA3Benchmark-TS18_data.out;0.7428613070365829;4422921.941;1.0
10;MGAB_add_white_noise_1_8.test.out;10000;102;0;YAHOO_add_white_noise_05_YahooA3Benchmark-TS19_data.out;0.7421453009405958;2157442.602;1.0
11;MGAB_add_white_noise_1_8.test.out;10000;102;0;YAHOO_add_white_noise_05_YahooA3Benchmark-TS1_data.out;0.7419163443019609;5264406.604;1.0
12;MGAB_add_white_noise_1_8.test.out;10000;102;0;YAHOO_add_white_noise_05_YahooA3Benchmark-TS20_data.out;0.7428412371570844;5684023.363;1.0
13;MGAB_add_white_noise_1_8.test.out;10000;102;0;YAHOO_add_white_noise_05_YahooA3Benchmark-TS21_data.out;0.7419190110654967;4376173.693;1.0
14;MGAB_add_white_noise_1_8.test.out;10000;102;0;YAHOO_add_white_noise_05_YahooA3Benchmark-TS22_data.out;0.742848009342828;4704163.832;1.0
15;MGAB_add_white_noise_1_8.test.out;10000;102;0;YAHOO_add_white_noise_05_YahooA3Benchmark-TS23_data.out;0.7364860229013105;456323.601;1.0
16;MGAB_add_white_noise_1_8.test.out;10000;102;0;YAHOO_add_white_noise_05_YahooA3Benchmark-TS24_data.out;0.7238552973575669;136957.614;1.0
17;MGAB_add_white_noise_1_8.test.out;10000;102;0;YAHOO_add_white_noise_05_YahooA3Benchmark-TS25_data.out;0.7420818094934649;5954938.543;1.0
18;MGAB_add_white_noise_1_8.test.out;10000;102;0;YAHOO_add_white_noise_05_YahooA3Benchmark-TS26_data.out;0.7428695106377856;8840092.391;1.0
19;MGAB_add_white_noise_1_8.test.out;10000;102;0;YAHOO_add_white_noise_05_YahooA3Benchmark-TS27_data.out;0.7433599883892013;1505404.637;1.0
20;MGAB_add_white_noise_1_8.test.out;10000;102;0;YAHOO_add_white_noise_05_YahooA3Benchmark-TS28_data.out;0.7427653680584398;2203088.102;1.0
21;MGAB_add_white_noise_1_8.test.out;10000;102;0;YAHOO_add_white_noise_05_YahooA3Benchmark-TS29_data.out;0.7425468312798437;3983197.859;1.0
22;MGAB_add_white_noise_1_8.test.out;10000;102;0;YAHOO_add_white_noise_05_YahooA3Benchmark-TS2_data.out;0.7420171527700451;4757369.015;1.0
23;MGAB_add_white_noise_1_8.test.out;10000;102;0;YAHOO_add_white_noise_05_YahooA3Benchmark-TS30_data.out;0.7428827022210788;5739794.586;1.0
24;MGAB_add_white_noise_1_8.test.out;10000;102;0;YAHOO_add_white_noise_05_YahooA3Benchmark-TS31_data.out;0.7425171524132813;1246258.808;1.0
25;MGAB_add_white_noise_1_8.test.out;10000;102;0;YAHOO_add_white_noise_05_YahooA3Benchmark-TS32_data.out;0.7412529380248168;658618.864;1.0
26;MGAB_add_white_noise_1_8.test.out;10000;102;0;YAHOO_add_white_noise_05_YahooA3Benchmark-TS33_data.out;0.7420854859736079;1898065.948;1.0
27;MGAB_add_white_noise_1_8.test.out;10000;102;0;YAHOO_add_white_noise_05_YahooA3Benchmark-TS34_data.out;0.742607627058825;4093226.528;1.0
28;MGAB_add_white_noise_1_8.test.out;10000;102;0;YAHOO_add_white_noise_05_YahooA3Benchmark-TS35_data.out;0.7390701400483963;1997194.598;1.0
29;MGAB_add_white_noise_1_8.test.out;10000;102;0;YAHOO_add_white_noise_05_YahooA3Benchmark-TS36_data.out;0.7419920592586496;3517224.207;1.0
30;MGAB_add_white_noise_1_8.test.out;10000;102;0;YAHOO_add_white_noise_05_YahooA3Benchmark-TS37_data.out;0.7396060534233974;1262944.802;1.0
31;MGAB_add_white_noise_1_8.test.out;10000;102;0;YAHOO_add_white_noise_05_YahooA3Benchmark-TS38_data.out;0.7434835988038854;1560250.094;1.0
32;MGAB_add_white_noise_1_8.test.out;10000;102;0;YAHOO_add_white_noise_05_YahooA3Benchmark-TS39_data.out;0.7412237559791438;1769179.354;1.0
33;MGAB_add_white_noise_1_8.test.out;10000;102;0;YAHOO_add_white_noise_05_YahooA3Benchmark-TS3_data.out;0.7430511208927021;3056879.177;1.0
34;MGAB_add_white_noise_1_8.test.out;10000;102;0;YAHOO_add_white_noise_05_YahooA3Benchmark-TS40_data.out;0.7417322207069313;3406165.816;1.0
35;MGAB_add_white_noise_1_8.test.out;10000;102;0;YAHOO_add_white_noise_05_YahooA3Benchmark-TS41_data.out;0.7388022409113836;377236.209;1.0
36;MGAB_add_white_noise_1_8.test.out;10000;102;0;YAHOO_add_white_noise_05_YahooA3Benchmark-TS42_data.out;0.741642250552829;4478910.497;1.0
37;MGAB_add_white_noise_1_8.test.out;10000;102;0;YAHOO_add_white_noise_05_YahooA3Benchmark-TS43_data.out;0.7421116390620502;1569546.165;1.0
38;MGAB_add_white_noise_1_8.test.out;10000;102;0;YAHOO_add_white_noise_05_YahooA3Benchmark-TS44_data.out;0.7399583372713806;591748.892;1.0
39;MGAB_add_white_noise_1_8.test.out;10000;102;0;YAHOO_add_white_noise_05_YahooA3Benchmark-TS45_data.out;0.7406921010783424;1859702.795;1.0
40;MGAB_add_white_noise_1_8.test.out;10000;102;0;YAHOO_add_white_noise_05_YahooA3Benchmark-TS46_data.out;0.7428723465783814;5113200.501;1.0
41;MGAB_add_white_noise_1_8.test.out;10000;102;0;YAHOO_add_white_noise_05_YahooA3Benchmark-TS47_data.out;0.7430180574184454;4374824.529;1.0
42;MGAB_add_white_noise_1_8.test.out;10000;102;0;YAHOO_add_white_noise_05_YahooA3Benchmark-TS48_data.out;0.7429932340651731;3896295.378;1.0
43;MGAB_add_white_noise_1_8.test.out;10000;102;0;YAHOO_add_white_noise_05_YahooA3Benchmark-TS49_data.out;0.7339453916256727;593889.64;1.0
44;MGAB_add_white_noise_1_8.test.out;10000;102;0;YAHOO_add_white_noise_05_YahooA3Benchmark-TS4_data.out;0.7425321101795817;3891406.892;1.0
45;MGAB_add_white_noise_1_8.test.out;10000;102;0;YAHOO_add_white_noise_05_YahooA3Benchmark-TS50_data.out;0.7429017164291275;4492593.659;1.0
46;MGAB_add_white_noise_1_8.test.out;10000;102;0;YAHOO_add_white_noise_05_YahooA3Benchmark-TS51_data.out;0.7422056996414338;5564408.823;1.0
47;MGAB_add_white_noise_1_8.test.out;10000;102;0;YAHOO_add_white_noise_05_YahooA3Benchmark-TS52_data.out;0.7412718816467193;888282.283;1.0
48;MGAB_add_white_noise_1_8.test.out;10000;102;0;YAHOO_add_white_noise_05_YahooA3Benchmark-TS53_data.out;0.7433655219693528;1560769.557;1.0
49;MGAB_add_white_noise_1_8.test.out;10000;102;0;YAHOO_add_white_noise_05_YahooA3Benchmark-TS54_data.out;0.7429698853654417;1938512.563;1.0
50;MGAB_add_white_noise_1_8.test.out;10000;102;0;YAHOO_add_white_noise_05_YahooA3Benchmark-TS55_data.out;0.7426357286275279;3087391.872;1.0
51;MGAB_add_white_noise_1_8.test.out;10000;102;0;YAHOO_add_white_noise_05_YahooA3Benchmark-TS56_data.out;0.7420570652927231;2952642.13;1.0
52;MGAB_add_white_noise_1_8.test.out;10000;102;0;YAHOO_add_white_noise_05_YahooA3Benchmark-TS57_data.out;0.7417615304853477;3076755.227;1.0
53;MGAB_add_white_noise_1_8.test.out;10000;102;0;YAHOO_add_white_noise_05_YahooA3Benchmark-TS58_data.out;0.7413937297994824;4351185.115;1.0
54;MGAB_add_white_noise_1_8.test.out;10000;102;0;YAHOO_add_white_noise_05_YahooA3Benchmark-TS59_data.out;0.7425466009481023;1517032.959;1.0
55;MGAB_add_white_noise_1_8.test.out;10000;102;0;YAHOO_add_white_noise_05_YahooA3Benchmark-TS5_data.out;0.7410315365777743;3515477.173;1.0
56;MGAB_add_white_noise_1_8.test.out;10000;102;0;YAHOO_add_white_noise_05_YahooA3Benchmark-TS60_data.out;0.7428771019454672;4826084.406;1.0
57;MGAB_add_white_noise_1_8.test.out;10000;102;0;YAHOO_add_white_noise_05_YahooA3Benchmark-TS61_data.out;0.7417077766439977;3074371.291;1.0
58;MGAB_add_white_noise_1_8.test.out;10000;102;0;YAHOO_add_white_noise_05_YahooA3Benchmark-TS62_data.out;0.7426494452534426;4657807.624;1.0
59;MGAB_add_white_noise_1_8.test.out;10000;102;0;YAHOO_add_white_noise_05_YahooA3Benchmark-TS63_data.out;0.7413339453203581;3059958.684;1.0
60;MGAB_add_white_noise_1_8.test.out;10000;102;0;YAHOO_add_white_noise_05_YahooA3Benchmark-TS64_data.out;0.7387391304867075;359814.264;1.0
61;MGAB_add_white_noise_1_8.test.out;10000;102;0;YAHOO_add_white_noise_05_YahooA3Benchmark-TS65_data.out;0.7421376022292402;1846065.499;1.0
62;MGAB_add_white_noise_1_8.test.out;10000;102;0;YAHOO_add_white_noise_05_YahooA3Benchmark-TS66_data.out;0.7406926513309496;1923313.149;1.0
63;MGAB_add_white_noise_1_8.test.out;10000;102;0;YAHOO_add_white_noise_05_YahooA3Benchmark-TS67_data.out;0.7422549963870629;4569833.653;1.0
64;MGAB_add_white_noise_1_8.test.out;10000;102;0;YAHOO_add_white_noise_05_YahooA3Benchmark-TS68_data.out;0.7428296664289005;2889419.198;1.0
65;MGAB_add_white_noise_1_8.test.out;10000;102;0;YAHOO_add_white_noise_05_YahooA3Benchmark-TS69_data.out;0.7297521790233773;175262.568;1.0
66;MGAB_add_white_noise_1_8.test.out;10000;102;0;YAHOO_add_white_noise_05_YahooA3Benchmark-TS6_data.out;0.7285485606179717;105279.981;1.0
67;MGAB_add_white_noise_1_8.test.out;10000;102;0;YAHOO_add_white_noise_05_YahooA3Benchmark-TS70_data.out;0.7428982580278353;4988138.581;1.0
68;MGAB_add_white_noise_1_8.test.out;10000;102;0;YAHOO_add_white_noise_05_YahooA3Benchmark-TS71_data.out;0.7434945692556032;1762512.982;1.0
69;MGAB_add_white_noise_1_8.test.out;10000;102;0;YAHOO_add_white_noise_05_YahooA3Benchmark-TS72_data.out;0.7428317597223324;5137344.997;1.0
70;MGAB_add_white_noise_1_8.test.out;10000;102;0;YAHOO_add_white_noise_05_YahooA3Benchmark-TS73_data.out;0.7328423918366689;217767.229;1.0
71;MGAB_add_white_noise_1_8.test.out;10000;102;0;YAHOO_add_white_noise_05_YahooA3Benchmark-TS74_data.out;0.7427443607985524;5017617.48;1.0
72;MGAB_add_white_noise_1_8.test.out;10000;102;0;YAHOO_add_white_noise_05_YahooA3Benchmark-TS75_data.out;0.7410587972906573;2808300.424;1.0
73;MGAB_add_white_noise_1_8.test.out;10000;102;0;YAHOO_add_white_noise_05_YahooA3Benchmark-TS76_data.out;0.7416671932934197;1038008.765;1.0
74;MGAB_add_white_noise_1_8.test.out;10000;102;0;YAHOO_add_white_noise_05_YahooA3Benchmark-TS77_data.out;0.7403888884119515;474080.244;1.0
75;MGAB_add_white_noise_1_8.test.out;10000;102;0;YAHOO_add_white_noise_05_YahooA3Benchmark-TS78_data.out;0.7420027345997179;3612120.846;1.0
76;MGAB_add_white_noise_1_8.test.out;10000;102;0;YAHOO_add_white_noise_05_YahooA3Benchmark-TS79_data.out;0.7429672642144578;3630467.378;1.0
77;MGAB_add_white_noise_1_8.test.out;10000;102;0;YAHOO_add_white_noise_05_YahooA3Benchmark-TS7_data.out;0.7415619719157782;445772.514;1.0
78;MGAB_add_white_noise_1_8.test.out;10000;102;0;YAHOO_add_white_noise_05_YahooA3Benchmark-TS80_data.out;0.7428801623551315;4567769.122;1.0
79;MGAB_add_white_noise_1_8.test.out;10000;102;0;YAHOO_add_white_noise_05_YahooA3Benchmark-TS81_data.out;0.7420528722646174;1698608.553;1.0
80;MGAB_add_white_noise_1_8.test.out;10000;102;0;YAHOO_add_white_noise_05_YahooA3Benchmark-TS82_data.out;0.742829669446456;6257859.164;1.0
81;MGAB_add_white_noise_1_8.test.out;10000;102;0;YAHOO_add_white_noise_05_YahooA3Benchmark-TS83_data.out;0.7407343849285165;3692602.969;1.0
82;MGAB_add_white_noise_1_8.test.out;10000;102;0;YAHOO_add_white_noise_05_YahooA3Benchmark-TS84_data.out;0.7429936498843261;3226375.098;1.0
83;MGAB_add_white_noise_1_8.test.out;10000;102;0;YAHOO_add_white_noise_05_YahooA3Benchmark-TS85_data.out;0.7409261437667842;862558.185;1.0
84;MGAB_add_white_noise_1_8.test.out;10000;102;0;YAHOO_add_white_noise_05_YahooA3Benchmark-TS86_data.out;0.7404984197621616;330925.327;1.0
85;MGAB_add_white_noise_1_8.test.out;10000;102;0;YAHOO_add_white_noise_05_YahooA3Benchmark-TS87_data.out;0.7421724036299365;1180990.217;1.0
86;MGAB_add_white_noise_1_8.test.out;10000;102;0;YAHOO_add_white_noise_05_YahooA3Benchmark-TS88_data.out;0.7430344143062396;4064151.17;1.0
87;MGAB_add_white_noise_1_8.test.out;10000;102;0;YAHOO_add_white_noise_05_YahooA3Benchmark-TS89_data.out;0.7428649424833785;6732770.387;1.0
88;MGAB_add_white_noise_1_8.test.out;10000;102;0;YAHOO_add_white_noise_05_YahooA3Benchmark-TS8_data.out;0.7418872291998325;5287282.695;1.0
89;MGAB_add_white_noise_1_8.test.out;10000;102;0;YAHOO_add_white_noise_05_YahooA3Benchmark-TS90_data.out;0.7431707688005657;1630574.784;1.0
90;MGAB_add_white_noise_1_8.test.out;10000;102;0;YAHOO_add_white_noise_05_YahooA3Benchmark-TS91_data.out;0.7423131094313097;1367431.82;1.0
91;MGAB_add_white_noise_1_8.test.out;10000;102;0;YAHOO_add_white_noise_05_YahooA3Benchmark-TS92_data.out;0.7426813597579688;1396829.661;1.0
92;MGAB_add_white_noise_1_8.test.out;10000;102;0;YAHOO_add_white_noise_05_YahooA3Benchmark-TS93_data.out;0.7346508036028282;200966.741;1.0
93;MGAB_add_white_noise_1_8.test.out;10000;102;0;YAHOO_add_white_noise_05_YahooA3Benchmark-TS94_data.out;0.742972068008352;3391093.179;1.0
94;MGAB_add_white_noise_1_8.test.out;10000;102;0;YAHOO_add_white_noise_05_YahooA3Benchmark-TS95_data.out;0.743066396955997;3113026.759;1.0
95;MGAB_add_white_noise_1_8.test.out;10000;102;0;YAHOO_add_white_noise_05_YahooA3Benchmark-TS96_data.out;0.7428490658906747;4786880.04;1.0
96;MGAB_add_white_noise_1_8.test.out;10000;102;0;YAHOO_add_white_noise_05_YahooA3Benchmark-TS97_data.out;0.7418962472081594;3169494.195;1.0
97;MGAB_add_white_noise_1_8.test.out;10000;102;0;YAHOO_add_white_noise_05_YahooA3Benchmark-TS98_data.out;0.7421786927207883;3776614.997;1.0
98;MGAB_add_white_noise_1_8.test.out;10000;102;0;YAHOO_add_white_noise_05_YahooA3Benchmark-TS99_data.out;0.7424987840528318;5047349.822;1.0
99;MGAB_add_white_noise_1_8.test.out;10000;102;0;YAHOO_add_white_noise_05_YahooA3Benchmark-TS9_data.out;0.7417923397576419;1911211.628;1.0
100;MGAB_add_white_noise_1_8.test.out;10000;102;0;YAHOO_add_white_noise_05_YahooA4Benchmark-TS100_data.out;0.7391218102748762;1686197.847;1.0
101;MGAB_add_white_noise_1_8.test.out;10000;102;0;YAHOO_add_white_noise_05_YahooA4Benchmark-TS10_data.out;0.740853621623729;1422794.268;1.0
102;MGAB_add_white_noise_1_8.test.out;10000;102;0;YAHOO_add_white_noise_05_YahooA4Benchmark-TS11_data.out;0.7411208828543517;4193129.57;1.0
103;MGAB_add_white_noise_1_8.test.out;10000;102;0;YAHOO_add_white_noise_05_YahooA4Benchmark-TS12_data.out;0.7412528878169128;1556349.483;1.0
104;MGAB_add_white_noise_1_8.test.out;10000;102;0;YAHOO_add_white_noise_05_YahooA4Benchmark-TS13_data.out;0.7429998818457486;2484649.265;1.0
105;MGAB_add_white_noise_1_8.test.out;10000;102;0;YAHOO_add_white_noise_05_YahooA4Benchmark-TS14_data.out;0.7426238082201067;1286511.116;1.0
106;MGAB_add_white_noise_1_8.test.out;10000;102;0;YAHOO_add_white_noise_05_YahooA4Benchmark-TS15_data.out;0.7388559076724627;687979.381;1.0
107;MGAB_add_white_noise_1_8.test.out;10000;102;0;YAHOO_add_white_noise_05_YahooA4Benchmark-TS16_data.out;0.7393574719509741;1008716.407;1.0
108;MGAB_add_white_noise_1_8.test.out;10000;102;0;YAHOO_add_white_noise_05_YahooA4Benchmark-TS17_data.out;0.7426501414014286;987541.748;1.0
109;MGAB_add_white_noise_1_8.test.out;10000;102;0;YAHOO_add_white_noise_05_YahooA4Benchmark-TS18_data.out;0.7428261415066727;1409380.312;1.0
110;MGAB_add_white_noise_1_8.test.out;10000;102;0;YAHOO_add_white_noise_05_YahooA4Benchmark-TS19_data.out;0.7412785362921208;4585014.721;1.0
111;MGAB_add_white_noise_1_8.test.out;10000;102;0;YAHOO_add_white_noise_05_YahooA4Benchmark-TS1_data.out;0.7428645781138228;3469187.766;1.0
112;MGAB_add_white_noise_1_8.test.out;10000;102;0;YAHOO_add_white_noise_05_YahooA4Benchmark-TS20_data.out;0.7412181169165802;2222936.018;1.0
113;MGAB_add_white_noise_1_8.test.out;10000;102;0;YAHOO_add_white_noise_05_YahooA4Benchmark-TS21_data.out;0.743056991787409;3754187.067;1.0
114;MGAB_add_white_noise_1_8.test.out;10000;102;0;YAHOO_add_white_noise_05_YahooA4Benchmark-TS22_data.out;0.7413407983541396;1440184.592;1.0
115;MGAB_add_white_noise_1_8.test.out;10000;102;0;YAHOO_add_white_noise_05_YahooA4Benchmark-TS23_data.out;0.7405538962164858;2176655.885;1.0
116;MGAB_add_white_noise_1_8.test.out;10000;102;0;YAHOO_add_white_noise_05_YahooA4Benchmark-TS24_data.out;0.742301755310446;1763869.854;1.0
117;MGAB_add_white_noise_1_8.test.out;10000;102;0;YAHOO_add_white_noise_05_YahooA4Benchmark-TS25_data.out;0.7432812236293181;1961068.852;1.0
118;MGAB_add_white_noise_1_8.test.out;10000;102;0;YAHOO_add_white_noise_05_YahooA4Benchmark-TS26_data.out;0.7421001141941923;1444793.175;1.0
119;MGAB_add_white_noise_1_8.test.out;10000;102;0;YAHOO_add_white_noise_05_YahooA4Benchmark-TS27_data.out;0.7425327249611554;2565953.825;1.0
120;MGAB_add_white_noise_1_8.test.out;10000;102;0;YAHOO_add_white_noise_05_YahooA4Benchmark-TS28_data.out;0.742724709490049;3662551.911;1.0
121;MGAB_add_white_noise_1_8.test.out;10000;102;0;YAHOO_add_white_noise_05_YahooA4Benchmark-TS29_data.out;0.74210718051728;1915562.132;1.0
122;MGAB_add_white_noise_1_8.test.out;10000;102;0;YAHOO_add_white_noise_05_YahooA4Benchmark-TS2_data.out;0.7421265034201084;5392153.92;1.0
123;MGAB_add_white_noise_1_8.test.out;10000;102;0;YAHOO_add_white_noise_05_YahooA4Benchmark-TS30_data.out;0.7428819599917891;5084239.011;1.0
124;MGAB_add_white_noise_1_8.test.out;10000;102;0;YAHOO_add_white_noise_05_YahooA4Benchmark-TS31_data.out;0.7431562121754195;1867905.696;1.0
125;MGAB_add_white_noise_1_8.test.out;10000;102;0;YAHOO_add_white_noise_05_YahooA4Benchmark-TS32_data.out;0.7418328805710354;3744272.984;1.0
126;MGAB_add_white_noise_1_8.test.out;10000;102;0;YAHOO_add_white_noise_05_YahooA4Benchmark-TS33_data.out;0.7411580455157228;1391382.799;1.0
127;MGAB_add_white_noise_1_8.test.out;10000;102;0;YAHOO_add_white_noise_05_YahooA4Benchmark-TS34_data.out;0.7337771379058003;132520.625;1.0
128;MGAB_add_white_noise_1_8.test.out;10000;102;0;YAHOO_add_white_noise_05_YahooA4Benchmark-TS35_data.out;0.7411417976380719;1480362.459;1.0
129;MGAB_add_white_noise_1_8.test.out;10000;102;0;YAHOO_add_white_noise_05_YahooA4Benchmark-TS36_data.out;0.7422123194170732;2411985.775;1.0
130;MGAB_add_white_noise_1_8.test.out;10000;102;0;YAHOO_add_white_noise_05_YahooA4Benchmark-TS37_data.out;0.7416423682731857;2873171.61;1.0
131;MGAB_add_white_noise_1_8.test.out;10000;102;0;YAHOO_add_white_noise_05_YahooA4Benchmark-TS38_data.out;0.7430344662710882;2413361.196;1.0
132;MGAB_add_white_noise_1_8.test.out;10000;102;0;YAHOO_add_white_noise_05_YahooA4Benchmark-TS39_data.out;0.741752702537644;2745471.953;1.0
133;MGAB_add_white_noise_1_8.test.out;10000;102;0;YAHOO_add_white_noise_05_YahooA4Benchmark-TS3_data.out;0.7420931554888249;2838993.097;1.0
134;MGAB_add_white_noise_1_8.test.out;10000;102;0;YAHOO_add_white_noise_05_YahooA4Benchmark-TS40_data.out;0.7430920714362302;1495157.16;1.0
135;MGAB_add_white_noise_1_8.test.out;10000;102;0;YAHOO_add_white_noise_05_YahooA4Benchmark-TS41_data.out;0.742232761307008;2377750.154;1.0
136;MGAB_add_white_noise_1_8.test.out;10000;102;0;YAHOO_add_white_noise_05_YahooA4Benchmark-TS42_data.out;0.7429834982826651;4396119.726;1.0
137;MGAB_add_white_noise_1_8.test.out;10000;102;0;YAHOO_add_white_noise_05_YahooA4Benchmark-TS43_data.out;0.7392641174588357;2535804.741;1.0
138;MGAB_add_white_noise_1_8.test.out;10000;102;0;YAHOO_add_white_noise_05_YahooA4Benchmark-TS44_data.out;0.7411412468897113;820908.336;1.0
139;MGAB_add_white_noise_1_8.test.out;10000;102;0;YAHOO_add_white_noise_05_YahooA4Benchmark-TS45_data.out;0.7409533720403988;3232920.177;1.0
140;MGAB_add_white_noise_1_8.test.out;10000;102;0;YAHOO_add_white_noise_05_YahooA4Benchmark-TS46_data.out;0.7428274777218298;1511658.804;1.0
141;MGAB_add_white_noise_1_8.test.out;10000;102;0;YAHOO_add_white_noise_05_YahooA4Benchmark-TS47_data.out;0.740840411392925;3029354.116;1.0
142;MGAB_add_white_noise_1_8.test.out;10000;102;0;YAHOO_add_white_noise_05_YahooA4Benchmark-TS48_data.out;0.7400058611739497;1185079.934;1.0
143;MGAB_add_white_noise_1_8.test.out;10000;102;0;YAHOO_add_white_noise_05_YahooA4Benchmark-TS49_data.out;0.7426622993297805;3236657.449;1.0
144;MGAB_add_white_noise_1_8.test.out;10000;102;0;YAHOO_add_white_noise_05_YahooA4Benchmark-TS4_data.out;0.7425321101795817;3891406.892;1.0
145;MGAB_add_white_noise_1_8.test.out;10000;102;0;YAHOO_add_white_noise_05_YahooA4Benchmark-TS50_data.out;0.7377162235513232;855344.225;1.0
146;MGAB_add_white_noise_1_8.test.out;10000;102;0;YAHOO_add_white_noise_05_YahooA4Benchmark-TS51_data.out;0.7411042035437757;1242449.281;1.0
147;MGAB_add_white_noise_1_8.test.out;10000;102;0;YAHOO_add_white_noise_05_YahooA4Benchmark-TS52_data.out;0.7431435650738435;863855.364;1.0
148;MGAB_add_white_noise_1_8.test.out;10000;102;0;YAHOO_add_white_noise_05_YahooA4Benchmark-TS53_data.out;0.7397382293469192;1822836.785;1.0
149;MGAB_add_white_noise_1_8.test.out;10000;102;0;YAHOO_add_white_noise_05_YahooA4Benchmark-TS54_data.out;0.7429824797668796;3180196.949;1.0
150;MGAB_add_white_noise_1_8.test.out;10000;102;0;YAHOO_add_white_noise_05_YahooA4Benchmark-TS55_data.out;0.7428605293380793;1413391.635;1.0
151;MGAB_add_white_noise_1_8.test.out;10000;102;0;YAHOO_add_white_noise_05_YahooA4Benchmark-TS56_data.out;0.7424325544117787;2335091.577;1.0
152;MGAB_add_white_noise_1_8.test.out;10000;102;0;YAHOO_add_white_noise_05_YahooA4Benchmark-TS57_data.out;0.7411409387178364;786307.579;1.0
153;MGAB_add_white_noise_1_8.test.out;10000;102;0;YAHOO_add_white_noise_05_YahooA4Benchmark-TS58_data.out;0.7425256507516874;2211963.03;1.0
154;MGAB_add_white_noise_1_8.test.out;10000;102;0;YAHOO_add_white_noise_05_YahooA4Benchmark-TS59_data.out;0.743121949199223;3749612.792;1.0
155;MGAB_add_white_noise_1_8.test.out;10000;102;0;YAHOO_add_white_noise_05_YahooA4Benchmark-TS5_data.out;0.7413864548489908;3502546.86;1.0
156;MGAB_add_white_noise_1_8.test.out;10000;102;0;YAHOO_add_white_noise_05_YahooA4Benchmark-TS60_data.out;0.738527248962478;1086896.791;1.0
157;MGAB_add_white_noise_1_8.test.out;10000;102;0;YAHOO_add_white_noise_05_YahooA4Benchmark-TS61_data.out;0.7401512434717472;1025463.397;1.0
158;MGAB_add_white_noise_1_8.test.out;10000;102;0;YAHOO_add_white_noise_05_YahooA4Benchmark-TS62_data.out;0.7429328853041622;2270113.513;1.0
159;MGAB_add_white_noise_1_8.test.out;10000;102;0;YAHOO_add_white_noise_05_YahooA4Benchmark-TS63_data.out;0.7412778538052104;1551317.777;1.0
160;MGAB_add_white_noise_1_8.test.out;10000;102;0;YAHOO_add_white_noise_05_YahooA4Benchmark-TS64_data.out;0.7435042108578241;1795140.295;1.0
161;MGAB_add_white_noise_1_8.test.out;10000;102;0;YAHOO_add_white_noise_05_YahooA4Benchmark-TS65_data.out;0.7413256575102631;1461301.696;1.0
162;MGAB_add_white_noise_1_8.test.out;10000;102;0;YAHOO_add_white_noise_05_YahooA4Benchmark-TS66_data.out;0.7377972146831533;980515.957;1.0
163;MGAB_add_white_noise_1_8.test.out;10000;102;0;YAHOO_add_white_noise_05_YahooA4Benchmark-TS67_data.out;0.7429503565586861;3058851.624;1.0
164;MGAB_add_white_noise_1_8.test.out;10000;102;0;YAHOO_add_white_noise_05_YahooA4Benchmark-TS68_data.out;0.7413584282886226;2391847.661;1.0
165;MGAB_add_white_noise_1_8.test.out;10000;102;0;YAHOO_add_white_noise_05_YahooA4Benchmark-TS69_data.out;0.7393879795664112;1243655.696;1.0
166;MGAB_add_white_noise_1_8.test.out;10000;102;0;YAHOO_add_white_noise_05_YahooA4Benchmark-TS6_data.out;0.7420016747353532;646912.977;1.0
167;MGAB_add_white_noise_1_8.test.out;10000;102;0;YAHOO_add_white_noise_05_YahooA4Benchmark-TS70_data.out;0.7413280997353408;989442.239;1.0
168;MGAB_add_white_noise_1_8.test.out;10000;102;0;YAHOO_add_white_noise_05_YahooA4Benchmark-TS71_data.out;0.7414225042822848;3213761.387;1.0
169;MGAB_add_white_noise_1_8.test.out;10000;102;0;YAHOO_add_white_noise_05_YahooA4Benchmark-TS72_data.out;0.7412578855685372;1138544.37;1.0
170;MGAB_add_white_noise_1_8.test.out;10000;102;0;YAHOO_add_white_noise_05_YahooA4Benchmark-TS73_data.out;0.7429803501666785;4111677.071;1.0
171;MGAB_add_white_noise_1_8.test.out;10000;102;0;YAHOO_add_white_noise_05_YahooA4Benchmark-TS74_data.out;0.7416649620478193;2583235.895;1.0
172;MGAB_add_white_noise_1_8.test.out;10000;102;0;YAHOO_add_white_noise_05_YahooA4Benchmark-TS75_data.out;0.7431283415577885;2804625.192;1.0
173;MGAB_add_white_noise_1_8.test.out;10000;102;0;YAHOO_add_white_noise_05_YahooA4Benchmark-TS76_data.out;0.7419714952031773;2633446.195;1.0
174;MGAB_add_white_noise_1_8.test.out;10000;102;0;YAHOO_add_white_noise_05_YahooA4Benchmark-TS77_data.out;0.7423897578359843;3146841.1;1.0
175;MGAB_add_white_noise_1_8.test.out;10000;102;0;YAHOO_add_white_noise_05_YahooA4Benchmark-TS78_data.out;0.7406796368579249;1470151.17;1.0
176;MGAB_add_white_noise_1_8.test.out;10000;102;0;YAHOO_add_white_noise_05_YahooA4Benchmark-TS79_data.out;0.7431953337871312;4286218.278;1.0
177;MGAB_add_white_noise_1_8.test.out;10000;102;0;YAHOO_add_white_noise_05_YahooA4Benchmark-TS7_data.out;0.7434967491219521;2328240.31;1.0
178;MGAB_add_white_noise_1_8.test.out;10000;102;0;YAHOO_add_white_noise_05_YahooA4Benchmark-TS80_data.out;0.73906690375743;1745521.15;1.0
179;MGAB_add_white_noise_1_8.test.out;10000;102;0;YAHOO_add_white_noise_05_YahooA4Benchmark-TS81_data.out;0.7428378390598461;1729480.943;1.0
180;MGAB_add_white_noise_1_8.test.out;10000;102;0;YAHOO_add_white_noise_05_YahooA4Benchmark-TS82_data.out;0.7412415206723246;1660060.535;1.0
181;MGAB_add_white_noise_1_8.test.out;10000;102;0;YAHOO_add_white_noise_05_YahooA4Benchmark-TS83_data.out;0.7381029824224924;686133.138;1.0
182;MGAB_add_white_noise_1_8.test.out;10000;102;0;YAHOO_add_white_noise_05_YahooA4Benchmark-TS84_data.out;0.7421903397854475;2767734.116;1.0
183;MGAB_add_white_noise_1_8.test.out;10000;102;0;YAHOO_add_white_noise_05_YahooA4Benchmark-TS85_data.out;0.7420455106197807;1367336.452;1.0
184;MGAB_add_white_noise_1_8.test.out;10000;102;0;YAHOO_add_white_noise_05_YahooA4Benchmark-TS86_data.out;0.7430497450651485;1877992.194;1.0
185;MGAB_add_white_noise_1_8.test.out;10000;102;0;YAHOO_add_white_noise_05_YahooA4Benchmark-TS87_data.out;0.742197293643668;1699936.536;1.0
186;MGAB_add_white_noise_1_8.test.out;10000;102;0;YAHOO_add_white_noise_05_YahooA4Benchmark-TS88_data.out;0.7425435514424081;2432197.41;1.0
187;MGAB_add_white_noise_1_8.test.out;10000;102;0;YAHOO_add_white_noise_05_YahooA4Benchmark-TS89_data.out;0.7430471241273106;1433796.141;1.0
188;MGAB_add_white_noise_1_8.test.out;10000;102;0;YAHOO_add_white_noise_05_YahooA4Benchmark-TS8_data.out;0.7403287589320895;791401.035;1.0
189;MGAB_add_white_noise_1_8.test.out;10000;102;0;YAHOO_add_white_noise_05_YahooA4Benchmark-TS90_data.out;0.7412044303122906;1575407.337;1.0
190;MGAB_add_white_noise_1_8.test.out;10000;102;0;YAHOO_add_white_noise_05_YahooA4Benchmark-TS91_data.out;0.7392077214164758;1137061.129;1.0
191;MGAB_add_white_noise_1_8.test.out;10000;102;0;YAHOO_add_white_noise_05_YahooA4Benchmark-TS92_data.out;0.742814835192283;4369794.148;1.0
192;MGAB_add_white_noise_1_8.test.out;10000;102;0;YAHOO_add_white_noise_05_YahooA4Benchmark-TS93_data.out;0.7418141533483829;2508472.895;1.0
193;MGAB_add_white_noise_1_8.test.out;10000;102;0;YAHOO_add_white_noise_05_YahooA4Benchmark-TS94_data.out;0.7414110161233682;1118849.557;1.0
194;MGAB_add_white_noise_1_8.test.out;10000;102;0;YAHOO_add_white_noise_05_YahooA4Benchmark-TS95_data.out;0.7429034371042706;4414468.923;1.0
195;MGAB_add_white_noise_1_8.test.out;10000;102;0;YAHOO_add_white_noise_05_YahooA4Benchmark-TS96_data.out;0.743017804565068;3497856.935;1.0
196;MGAB_add_white_noise_1_8.test.out;10000;102;0;YAHOO_add_white_noise_05_YahooA4Benchmark-TS97_data.out;0.7395117694254844;2416016.083;1.0
197;MGAB_add_white_noise_1_8.test.out;10000;102;0;YAHOO_add_white_noise_05_YahooA4Benchmark-TS98_data.out;0.7429070726709136;4644495.692;1.0
198;MGAB_add_white_noise_1_8.test.out;10000;102;0;YAHOO_add_white_noise_05_YahooA4Benchmark-TS99_data.out;0.7423812193177769;687299.952;1.0
199;MGAB_add_white_noise_1_8.test.out;10000;102;0;YAHOO_add_white_noise_05_YahooA4Benchmark-TS9_data.out;0.7401736201578983;947185.718;1.0
200;MGAB_add_white_noise_1_8.test.out;10000;102;0;YAHOO_add_white_noise_05_Yahoo_A1real_10_data.out;1.394452918514019;73209.47;1.0
201;MGAB_add_white_noise_1_8.test.out;10000;102;0;YAHOO_add_white_noise_05_Yahoo_A1real_11_data.out;0.7427413950895435;23297058.419;
202;MGAB_add_white_noise_1_8.test.out;10000;102;0;YAHOO_add_white_noise_05_Yahoo_A1real_12_data.out;0.746976131293278;122895.035;1.0
203;MGAB_add_white_noise_1_8.test.out;10000;102;0;YAHOO_add_white_noise_05_Yahoo_A1real_13_data.out;0.742813604130886;42218040.418;
204;MGAB_add_white_noise_1_8.test.out;10000;102;0;YAHOO_add_white_noise_05_Yahoo_A1real_14_data.out;0.7435070476345988;1758692.192;1.0
205;MGAB_add_white_noise_1_8.test.out;10000;102;0;YAHOO_add_white_noise_05_Yahoo_A1real_15_data.out;0.7428131690913702;43870967.678;1.0
206;MGAB_add_white_noise_1_8.test.out;10000;102;0;YAHOO_add_white_noise_05_Yahoo_A1real_16_data.out;0.2099715272806939;3990.889;1.0
207;MGAB_add_white_noise_1_8.test.out;10000;102;0;YAHOO_add_white_noise_05_Yahoo_A1real_17_data.out;0.7412445615774311;3449327.157;1.0
208;MGAB_add_white_noise_1_8.test.out;10000;102;0;YAHOO_add_white_noise_05_Yahoo_A1real_18_data.out;0.4658043008777457;5048.802;1.0
209;MGAB_add_white_noise_1_8.test.out;10000;102;0;YAHOO_add_white_noise_05_Yahoo_A1real_19_data.out;0.7165096021713185;102300.438;1.0
210;MGAB_add_white_noise_1_8.test.out;10000;102;0;YAHOO_add_white_noise_05_Yahoo_A1real_1_data.out;0.7637282453173148;6866.917;1.0
211;MGAB_add_white_noise_1_8.test.out;10000;102;0;YAHOO_add_white_noise_05_Yahoo_A1real_20_data.out;0.27323263217775584;3601.605;1.0
212;MGAB_add_white_noise_1_8.test.out;10000;102;0;YAHOO_add_white_noise_05_Yahoo_A1real_21_data.out;0.7422938563819365;396156.328;1.0
213;MGAB_add_white_noise_1_8.test.out;10000;102;0;YAHOO_add_white_noise_05_Yahoo_A1real_22_data.out;0.7427947772971613;12220103.646;
214;MGAB_add_white_noise_1_8.test.out;10000;102;0;YAHOO_add_white_noise_05_Yahoo_A1real_23_data.out;0.07225729167632466;3567.135;1.0
215;MGAB_add_white_noise_1_8.test.out;10000;102;0;YAHOO_add_white_noise_05_Yahoo_A1real_24_data.out;1.0278905120688249;326475.783;1.0
216;MGAB_add_white_noise_1_8.test.out;10000;102;0;YAHOO_add_white_noise_05_Yahoo_A1real_25_data.out;0.7050260887547612;52924.798;1.0
217;MGAB_add_white_noise_1_8.test.out;10000;102;0;YAHOO_add_white_noise_05_Yahoo_A1real_26_data.out;0.7413738412085091;603987.961;1.0
218;MGAB_add_white_noise_1_8.test.out;10000;102;0;YAHOO_add_white_noise_05_Yahoo_A1real_27_data.out;0.7443262029203375;1651007.103;1.0
219;MGAB_add_white_noise_1_8.test.out;10000;102;0;YAHOO_add_white_noise_05_Yahoo_A1real_28_data.out;0.7427645430149067;39135046.556;
220;MGAB_add_white_noise_1_8.test.out;10000;102;0;YAHOO_add_white_noise_05_Yahoo_A1real_29_data.out;0.7427233566541873;731431216.779;
221;MGAB_add_white_noise_1_8.test.out;10000;102;0;YAHOO_add_white_noise_05_Yahoo_A1real_2_data.out;0.7428202311182374;19540305.29;
222;MGAB_add_white_noise_1_8.test.out;10000;102;0;YAHOO_add_white_noise_05_Yahoo_A1real_30_data.out;0.4273572980861855;3903.224;1.0
223;MGAB_add_white_noise_1_8.test.out;10000;102;0;YAHOO_add_white_noise_05_Yahoo_A1real_31_data.out;0.7413476555418872;676248.471;1.0
224;MGAB_add_white_noise_1_8.test.out;10000;102;0;YAHOO_add_white_noise_05_Yahoo_A1real_32_data.out;0.5459863391588016;6316.623;1.0
225;MGAB_add_white_noise_1_8.test.out;10000;102;0;YAHOO_add_white_noise_05_Yahoo_A1real_33_data.out;0.746976131293278;122895.035;1.0
226;MGAB_add_white_noise_1_8.test.out;10000;102;0;YAHOO_add_white_noise_05_Yahoo_A1real_34_data.out;0.7427459567399477;80682243.46;
227;MGAB_add_white_noise_1_8.test.out;10000;102;0;YAHOO_add_white_noise_05_Yahoo_A1real_35_data.out;0.75227002953507;161623.278;1.0
228;MGAB_add_white_noise_1_8.test.out;10000;102;0;YAHOO_add_white_noise_05_Yahoo_A1real_36_data.out;1.5262942953078549;15406.785;1.0
229;MGAB_add_white_noise_1_8.test.out;10000;102;0;YAHOO_add_white_noise_05_Yahoo_A1real_37_data.out;0.7271324897500405;218322.409;1.0
230;MGAB_add_white_noise_1_8.test.out;10000;102;0;YAHOO_add_white_noise_05_Yahoo_A1real_38_data.out;0.7427113261892865;2046424755.993;
231;MGAB_add_white_noise_1_8.test.out;10000;102;0;YAHOO_add_white_noise_05_Yahoo_A1real_39_data.out;0.7427351684621202;76636010.958;1.0
232;MGAB_add_white_noise_1_8.test.out;10000;102;0;YAHOO_add_white_noise_05_Yahoo_A1real_3_data.out;0.9727353620605947;5955.326;1.0
233;MGAB_add_white_noise_1_8.test.out;10000;102;0;YAHOO_add_white_noise_05_Yahoo_A1real_40_data.out;0.740898655698739;424746.268;1.0
234;MGAB_add_white_noise_1_8.test.out;10000;102;0;YAHOO_add_white_noise_05_Yahoo_A1real_41_data.out;0.7344363422348794;330505.369;1.0
235;MGAB_add_white_noise_1_8.test.out;10000;102;0;YAHOO_add_white_noise_05_Yahoo_A1real_42_data.out;0.7302794588942582;132436.068;1.0
236;MGAB_add_white_noise_1_8.test.out;10000;102;0;YAHOO_add_white_noise_05_Yahoo_A1real_43_data.out;0.3579942459199206;4180.237;1.0
237;MGAB_add_white_noise_1_8.test.out;10000;102;0;YAHOO_add_white_noise_05_Yahoo_A1real_44_data.out;0.7428398436882682;300943788.691;
238;MGAB_add_white_noise_1_8.test.out;10000;102;0;YAHOO_add_white_noise_05_Yahoo_A1real_45_data.out;0.7275866912177733;88203.81;1.0
239;MGAB_add_white_noise_1_8.test.out;10000;102;0;YAHOO_add_white_noise_05_Yahoo_A1real_46_data.out;0.7422353832330257;1283858.515;1.0
240;MGAB_add_white_noise_1_8.test.out;10000;102;0;YAHOO_add_white_noise_05_Yahoo_A1real_47_data.out;0.7427872402363799;17678374.374;
241;MGAB_add_white_noise_1_8.test.out;10000;102;0;YAHOO_add_white_noise_05_Yahoo_A1real_48_data.out;0.7420210711661932;6758355.511;1.0
242;MGAB_add_white_noise_1_8.test.out;10000;102;0;YAHOO_add_white_noise_05_Yahoo_A1real_49_data.out;0.4658043008777457;5048.802;1.0
243;MGAB_add_white_noise_1_8.test.out;10000;102;0;YAHOO_add_white_noise_05_Yahoo_A1real_4_data.out;0.7364315739320636;384721.378;1.0
244;MGAB_add_white_noise_1_8.test.out;10000;102;0;YAHOO_add_white_noise_05_Yahoo_A1real_50_data.out;0.7429513057009861;47796362.978;1.0
245;MGAB_add_white_noise_1_8.test.out;10000;102;0;YAHOO_add_white_noise_05_Yahoo_A1real_51_data.out;0.7426304118400902;3306596.952;1.0
246;MGAB_add_white_noise_1_8.test.out;10000;102;0;YAHOO_add_white_noise_05_Yahoo_A1real_52_data.out;0.7427038017999451;37377674721.523;
247;MGAB_add_white_noise_1_8.test.out;10000;102;0;YAHOO_add_white_noise_05_Yahoo_A1real_53_data.out;1.0278905120688249;326475.783;1.0
248;MGAB_add_white_noise_1_8.test.out;10000;102;0;YAHOO_add_white_noise_05_Yahoo_A1real_54_data.out;0.7892589277958776;10859.017;1.0
249;MGAB_add_white_noise_1_8.test.out;10000;102;0;YAHOO_add_white_noise_05_Yahoo_A1real_55_data.out;0.7435426291631255;2256737.593;1.0
250;MGAB_add_white_noise_1_8.test.out;10000;102;0;YAHOO_add_white_noise_05_Yahoo_A1real_56_data.out;0.7427436838229926;100698833.15;
251;MGAB_add_white_noise_1_8.test.out;10000;102;0;YAHOO_add_white_noise_05_Yahoo_A1real_57_data.out;0.7427592239817082;12971884.001;
252;MGAB_add_white_noise_1_8.test.out;10000;102;0;YAHOO_add_white_noise_05_Yahoo_A1real_58_data.out;0.7267535018900644;162654.833;1.0
253;MGAB_add_white_noise_1_8.test.out;10000;102;0;YAHOO_add_white_noise_05_Yahoo_A1real_59_data.out;0.11020791992863099;3611.619;1.0
254;MGAB_add_white_noise_1_8.test.out;10000;102;0;YAHOO_add_white_noise_05_Yahoo_A1real_5_data.out;0.743008311796785;11853356.234;1.0
255;MGAB_add_white_noise_1_8.test.out;10000;102;0;YAHOO_add_white_noise_05_Yahoo_A1real_60_data.out;0.016136192937524996;3016.346;1.0
256;MGAB_add_white_noise_1_8.test.out;10000;102;0;YAHOO_add_white_noise_05_Yahoo_A1real_61_data.out;0.7400142425696761;281167.161;1.0
257;MGAB_add_white_noise_1_8.test.out;10000;102;0;YAHOO_add_white_noise_05_Yahoo_A1real_62_data.out;0.5279727432825267;4079.243;1.0
258;MGAB_add_white_noise_1_8.test.out;10000;102;0;YAHOO_add_white_noise_05_Yahoo_A1real_63_data.out;0.9657977944899074;96903.314;1.0
259;MGAB_add_white_noise_1_8.test.out;10000;102;0;YAHOO_add_white_noise_05_Yahoo_A1real_64_data.out;0.7668492839888306;42340.904;1.0
260;MGAB_add_white_noise_1_8.test.out;10000;102;0;YAHOO_add_white_noise_05_Yahoo_A1real_65_data.out;0.7427149592281895;4447366.388;1.0
261;MGAB_add_white_noise_1_8.test.out;10000;102;0;YAHOO_add_white_noise_05_Yahoo_A1real_66_data.out;0.7322597484924819;358560.386;1.0
262;MGAB_add_white_noise_1_8.test.out;10000;102;0;YAHOO_add_white_noise_05_Yahoo_A1real_67_data.out;0.739035321097239;1716026.215;1.0
263;MGAB_add_white_noise_1_8.test.out;10000;102;0;YAHOO_add_white_noise_05_Yahoo_A1real_6_data.out;0.7561603159789104;342774.476;1.0
264;MGAB_add_white_noise_1_8.test.out;10000;102;0;YAHOO_add_white_noise_05_Yahoo_A1real_7_data.out;0.7410968336806442;719681.875;1.0
265;MGAB_add_white_noise_1_8.test.out;10000;102;0;YAHOO_add_white_noise_05_Yahoo_A1real_8_data.out;0.7369822883467543;402154.56;1.0
266;MGAB_add_white_noise_1_8.test.out;10000;102;0;YAHOO_add_white_noise_05_Yahoo_A1real_9_data.out;0.8318822415589125;4517.316;1.0
267;MGAB_add_white_noise_1_8.test.out;10000;102;0;YAHOO_add_white_noise_05_Yahoo_A2synthetic_100_data.out;0.7427404013954378;25584723.096;
268;MGAB_add_white_noise_1_8.test.out;10000;102;0;YAHOO_add_white_noise_05_Yahoo_A2synthetic_10_data.out;0.7431202349641659;2625835.405;1.0
269;MGAB_add_white_noise_1_8.test.out;10000;102;0;YAHOO_add_white_noise_05_Yahoo_A2synthetic_11_data.out;0.7430391567947824;4421943.239;1.0
270;MGAB_add_white_noise_1_8.test.out;10000;102;0;YAHOO_add_white_noise_05_Yahoo_A2synthetic_12_data.out;0.7410319410774004;1464285.088;1.0
271;MGAB_add_white_noise_1_8.test.out;10000;102;0;YAHOO_add_white_noise_05_Yahoo_A2synthetic_13_data.out;0.7430299951960929;2759814.232;1.0
272;MGAB_add_white_noise_1_8.test.out;10000;102;0;YAHOO_add_white_noise_05_Yahoo_A2synthetic_14_data.out;0.7407880697527505;8338525.282;1.0
273;MGAB_add_white_noise_1_8.test.out;10000;102;0;YAHOO_add_white_noise_05_Yahoo_A2synthetic_15_data.out;0.7431416692697446;2281057.604;1.0
274;MGAB_add_white_noise_1_8.test.out;10000;102;0;YAHOO_add_white_noise_05_Yahoo_A2synthetic_16_data.out;0.7429142406828302;6191822.542;1.0
275;MGAB_add_white_noise_1_8.test.out;10000;102;0;YAHOO_add_white_noise_05_Yahoo_A2synthetic_17_data.out;0.7421515852808739;3552699.851;1.0
276;MGAB_add_white_noise_1_8.test.out;10000;102;0;YAHOO_add_white_noise_05_Yahoo_A2synthetic_18_data.out;0.7411326789606695;4473642.226;1.0
277;MGAB_add_white_noise_1_8.test.out;10000;102;0;YAHOO_add_white_noise_05_Yahoo_A2synthetic_19_data.out;0.7425166289623295;2476387.432;1.0
278;MGAB_add_white_noise_1_8.test.out;10000;102;0;YAHOO_add_white_noise_05_Yahoo_A2synthetic_1_data.out;0.7407851223203177;1652548.188;1.0
279;MGAB_add_white_noise_1_8.test.out;10000;102;0;YAHOO_add_white_noise_05_Yahoo_A2synthetic_20_data.out;0.7429296681795629;5651175.191;1.0
280;MGAB_add_white_noise_1_8.test.out;10000;102;0;YAHOO_add_white_noise_05_Yahoo_A2synthetic_21_data.out;0.7425211239435808;15089850.728;
281;MGAB_add_white_noise_1_8.test.out;10000;102;0;YAHOO_add_white_noise_05_Yahoo_A2synthetic_22_data.out;0.7410319995888007;2018129.781;1.0
282;MGAB_add_white_noise_1_8.test.out;10000;102;0;YAHOO_add_white_noise_05_Yahoo_A2synthetic_23_data.out;0.7428621815756415;8719823.57;1.0
283;MGAB_add_white_noise_1_8.test.out;10000;102;0;YAHOO_add_white_noise_05_Yahoo_A2synthetic_24_data.out;0.7421911802520562;2467090.288;1.0
284;MGAB_add_white_noise_1_8.test.out;10000;102;0;YAHOO_add_white_noise_05_Yahoo_A2synthetic_25_data.out;0.7429009302290203;5126927.957;1.0
285;MGAB_add_white_noise_1_8.test.out;10000;102;0;YAHOO_add_white_noise_05_Yahoo_A2synthetic_26_data.out;0.7409315527096582;3126563.973;1.0
286;MGAB_add_white_noise_1_8.test.out;10000;102;0;YAHOO_add_white_noise_05_Yahoo_A2synthetic_27_data.out;0.7425247311242938;4409615.534;1.0
287;MGAB_add_white_noise_1_8.test.out;10000;102;0;YAHOO_add_white_noise_05_Yahoo_A2synthetic_28_data.out;0.7416355570738078;14150281.009;
288;MGAB_add_white_noise_1_8.test.out;10000;102;0;YAHOO_add_white_noise_05_Yahoo_A2synthetic_29_data.out;0.743085831003121;3803130.454;1.0
289;MGAB_add_white_noise_1_8.test.out;10000;102;0;YAHOO_add_white_noise_05_Yahoo_A2synthetic_2_data.out;0.7429973754645084;4397570.914;1.0
290;MGAB_add_white_noise_1_8.test.out;10000;102;0;YAHOO_add_white_noise_05_Yahoo_A2synthetic_30_data.out;0.7418774037148107;9502939.023;1.0
291;MGAB_add_white_noise_1_8.test.out;10000;102;0;YAHOO_add_white_noise_05_Yahoo_A2synthetic_31_data.out;0.7430569439987476;2364113.577;1.0
292;MGAB_add_white_noise_1_8.test.out;10000;102;0;YAHOO_add_white_noise_05_Yahoo_A2synthetic_32_data.out;0.7420893429883082;5815580.819;1.0
293;MGAB_add_white_noise_1_8.test.out;10000;102;0;YAHOO_add_white_noise_05_Yahoo_A2synthetic_33_data.out;0.743051146206237;2150005.302;1.0
294;MGAB_add_white_noise_1_8.test.out;10000;102;0;YAHOO_add_white_noise_05_Yahoo_A2synthetic_34_data.out;0.7429335138201698;5964137.689;1.0
295;MGAB_add_white_noise_1_8.test.out;10000;102;0;YAHOO_add_white_noise_05_Yahoo_A2synthetic_35_data.out;0.7427599464669734;17435289.817;
296;MGAB_add_white_noise_1_8.test.out;10000;102;0;YAHOO_add_white_noise_05_Yahoo_A2synthetic_36_data.out;0.7429901450670137;2774437.559;1.0
297;MGAB_add_white_noise_1_8.test.out;10000;102;0;YAHOO_add_white_noise_05_Yahoo_A2synthetic_37_data.out;0.7428095753606601;10438246.034;1.0
298;MGAB_add_white_noise_1_8.test.out;10000;102;0;YAHOO_add_white_noise_05_Yahoo_A2synthetic_38_data.out;0.7430018255691204;5241854.253;1.0
299;MGAB_add_white_noise_1_8.test.out;10000;102;0;YAHOO_add_white_noise_05_Yahoo_A2synthetic_39_data.out;0.7428187216517168;9941979.99;1.0
300;MGAB_add_white_noise_1_8.test.out;10000;102;0;YAHOO_add_white_noise_05_Yahoo_A2synthetic_3_data.out;0.7425924673264881;1727086.777;1.0
301;MGAB_add_white_noise_1_8.test.out;10000;102;0;YAHOO_add_white_noise_05_Yahoo_A2synthetic_40_data.out;0.7430124841574005;4347903.489;1.0
302;MGAB_add_white_noise_1_8.test.out;10000;102;0;YAHOO_add_white_noise_05_Yahoo_A2synthetic_41_data.out;0.7429098496039807;5661318.252;1.0
303;MGAB_add_white_noise_1_8.test.out;10000;102;0;YAHOO_add_white_noise_05_Yahoo_A2synthetic_42_data.out;0.7427569236533319;21565543.157;
304;MGAB_add_white_noise_1_8.test.out;10000;102;0;YAHOO_add_white_noise_05_Yahoo_A2synthetic_43_data.out;0.741816083814271;3082561.804;1.0
305;MGAB_add_white_noise_1_8.test.out;10000;102;0;YAHOO_add_white_noise_05_Yahoo_A2synthetic_44_data.out;0.7416323984444092;13150222.57;
306;MGAB_add_white_noise_1_8.test.out;10000;102;0;YAHOO_add_white_noise_05_Yahoo_A2synthetic_45_data.out;0.7430553463797074;3092877.521;1.0
307;MGAB_add_white_noise_1_8.test.out;10000;102;0;YAHOO_add_white_noise_05_Yahoo_A2synthetic_46_data.out;0.7428367614793868;11835957.508;1.0
308;MGAB_add_white_noise_1_8.test.out;10000;102;0;YAHOO_add_white_noise_05_Yahoo_A2synthetic_47_data.out;0.7427455211873212;5092285.421;1.0
309;MGAB_add_white_noise_1_8.test.out;10000;102;0;YAHOO_add_white_noise_05_Yahoo_A2synthetic_48_data.out;0.7428588984158878;8627443.306;1.0
310;MGAB_add_white_noise_1_8.test.out;10000;102;0;YAHOO_add_white_noise_05_Yahoo_A2synthetic_49_data.out;0.7427733009797247;23366710.081;
311;MGAB_add_white_noise_1_8.test.out;10000;102;0;YAHOO_add_white_noise_05_Yahoo_A2synthetic_4_data.out;0.7428377559545338;1978618.555;1.0
312;MGAB_add_white_noise_1_8.test.out;10000;102;0;YAHOO_add_white_noise_05_Yahoo_A2synthetic_50_data.out;0.7417844979581772;3910813.733;1.0
313;MGAB_add_white_noise_1_8.test.out;10000;102;0;YAHOO_add_white_noise_05_Yahoo_A2synthetic_51_data.out;0.7427731088790284;26775657.494;
314;MGAB_add_white_noise_1_8.test.out;10000;102;0;YAHOO_add_white_noise_05_Yahoo_A2synthetic_52_data.out;0.7429541432185797;6471564.225;1.0
315;MGAB_add_white_noise_1_8.test.out;10000;102;0;YAHOO_add_white_noise_05_Yahoo_A2synthetic_53_data.out;0.7418615762395935;13024461.432;1.0
316;MGAB_add_white_noise_1_8.test.out;10000;102;0;YAHOO_add_white_noise_05_Yahoo_A2synthetic_54_data.out;0.7401340829170071;2623544.699;1.0
317;MGAB_add_white_noise_1_8.test.out;10000;102;0;YAHOO_add_white_noise_05_Yahoo_A2synthetic_55_data.out;0.7428881969390848;5980662.216;1.0
318;MGAB_add_white_noise_1_8.test.out;10000;102;0;YAHOO_add_white_noise_05_Yahoo_A2synthetic_56_data.out;0.7427535165997099;26372133.276;
319;MGAB_add_white_noise_1_8.test.out;10000;102;0;YAHOO_add_white_noise_05_Yahoo_A2synthetic_57_data.out;0.7430279845683987;4012018.207;1.0
320;MGAB_add_white_noise_1_8.test.out;10000;102;0;YAHOO_add_white_noise_05_Yahoo_A2synthetic_58_data.out;0.7427914754230127;17603501.375;
321;MGAB_add_white_noise_1_8.test.out;10000;102;0;YAHOO_add_white_noise_05_Yahoo_A2synthetic_59_data.out;0.7428709271421212;6972967.957;1.0
322;MGAB_add_white_noise_1_8.test.out;10000;102;0;YAHOO_add_white_noise_05_Yahoo_A2synthetic_5_data.out;0.7428026760261202;2756187.26;1.0
323;MGAB_add_white_noise_1_8.test.out;10000;102;0;YAHOO_add_white_noise_05_Yahoo_A2synthetic_60_data.out;0.7427879177248781;15850892.838;
324;MGAB_add_white_noise_1_8.test.out;10000;102;0;YAHOO_add_white_noise_05_Yahoo_A2synthetic_61_data.out;0.7423597860286444;2036737.998;1.0
325;MGAB_add_white_noise_1_8.test.out;10000;102;0;YAHOO_add_white_noise_05_Yahoo_A2synthetic_62_data.out;0.7428110707718804;12622302.698;
326;MGAB_add_white_noise_1_8.test.out;10000;102;0;YAHOO_add_white_noise_05_Yahoo_A2synthetic_63_data.out;0.7427393705796568;39346924.584;
327;MGAB_add_white_noise_1_8.test.out;10000;102;0;YAHOO_add_white_noise_05_Yahoo_A2synthetic_64_data.out;0.7421727367236681;1795686.262;1.0
328;MGAB_add_white_noise_1_8.test.out;10000;102;0;YAHOO_add_white_noise_05_Yahoo_A2synthetic_65_data.out;0.7427582850924914;26430261.336;
329;MGAB_add_white_noise_1_8.test.out;10000;102;0;YAHOO_add_white_noise_05_Yahoo_A2synthetic_66_data.out;0.7427056346779309;3620432.615;1.0
330;MGAB_add_white_noise_1_8.test.out;10000;102;0;YAHOO_add_white_noise_05_Yahoo_A2synthetic_67_data.out;0.7427900231097078;19495645.726;
331;MGAB_add_white_noise_1_8.test.out;10000;102;0;YAHOO_add_white_noise_05_Yahoo_A2synthetic_68_data.out;0.7415747294404332;2214779.083;1.0
332;MGAB_add_white_noise_1_8.test.out;10000;102;0;YAHOO_add_white_noise_05_Yahoo_A2synthetic_69_data.out;0.7427995983332933;11944641.209;
333;MGAB_add_white_noise_1_8.test.out;10000;102;0;YAHOO_add_white_noise_05_Yahoo_A2synthetic_6_data.out;0.7422188079868615;2712162.64;1.0
334;MGAB_add_white_noise_1_8.test.out;10000;102;0;YAHOO_add_white_noise_05_Yahoo_A2synthetic_70_data.out;0.7427458246936738;43411240.436;
335;MGAB_add_white_noise_1_8.test.out;10000;102;0;YAHOO_add_white_noise_05_Yahoo_A2synthetic_71_data.out;0.7409481448721715;2374758.989;1.0
336;MGAB_add_white_noise_1_8.test.out;10000;102;0;YAHOO_add_white_noise_05_Yahoo_A2synthetic_72_data.out;0.7427596769404915;22445707.318;
337;MGAB_add_white_noise_1_8.test.out;10000;102;0;YAHOO_add_white_noise_05_Yahoo_A2synthetic_73_data.out;0.7420661095812225;2523767.702;1.0
338;MGAB_add_white_noise_1_8.test.out;10000;102;0;YAHOO_add_white_noise_05_Yahoo_A2synthetic_74_data.out;0.7427914111514492;20180898.269;
339;MGAB_add_white_noise_1_8.test.out;10000;102;0;YAHOO_add_white_noise_05_Yahoo_A2synthetic_75_data.out;0.7406913928728395;3171259.767;1.0
340;MGAB_add_white_noise_1_8.test.out;10000;102;0;YAHOO_add_white_noise_05_Yahoo_A2synthetic_76_data.out;0.7427888423271479;12831726.022;
341;MGAB_add_white_noise_1_8.test.out;10000;102;0;YAHOO_add_white_noise_05_Yahoo_A2synthetic_77_data.out;0.7427378732898477;47204457.727;
342;MGAB_add_white_noise_1_8.test.out;10000;102;0;YAHOO_add_white_noise_05_Yahoo_A2synthetic_78_data.out;0.7417891784062548;3041375.716;1.0
343;MGAB_add_white_noise_1_8.test.out;10000;102;0;YAHOO_add_white_noise_05_Yahoo_A2synthetic_79_data.out;0.7427585301673046;25407290.176;
344;MGAB_add_white_noise_1_8.test.out;10000;102;0;YAHOO_add_white_noise_05_Yahoo_A2synthetic_7_data.out;0.741770724512919;5659031.504;1.0
345;MGAB_add_white_noise_1_8.test.out;10000;102;0;YAHOO_add_white_noise_05_Yahoo_A2synthetic_80_data.out;0.743041013466093;7067409.853;1.0
346;MGAB_add_white_noise_1_8.test.out;10000;102;0;YAHOO_add_white_noise_05_Yahoo_A2synthetic_81_data.out;0.7427740919740763;21054745.517;
347;MGAB_add_white_noise_1_8.test.out;10000;102;0;YAHOO_add_white_noise_05_Yahoo_A2synthetic_82_data.out;0.7427122117297681;6981173.22;1.0
348;MGAB_add_white_noise_1_8.test.out;10000;102;0;YAHOO_add_white_noise_05_Yahoo_A2synthetic_83_data.out;0.7427897947811676;13274626.669;
349;MGAB_add_white_noise_1_8.test.out;10000;102;0;YAHOO_add_white_noise_05_Yahoo_A2synthetic_84_data.out;0.7427363977849222;52081413.32;
350;MGAB_add_white_noise_1_8.test.out;10000;102;0;YAHOO_add_white_noise_05_Yahoo_A2synthetic_85_data.out;0.7427873028477274;3632179.05;1.0
351;MGAB_add_white_noise_1_8.test.out;10000;102;0;YAHOO_add_white_noise_05_Yahoo_A2synthetic_86_data.out;0.742746898200287;26166682.641;1.0
352;MGAB_add_white_noise_1_8.test.out;10000;102;0;YAHOO_add_white_noise_05_Yahoo_A2synthetic_87_data.out;0.7424033875366188;4308290.857;1.0
353;MGAB_add_white_noise_1_8.test.out;10000;102;0;YAHOO_add_white_noise_05_Yahoo_A2synthetic_88_data.out;0.7427838056959032;21242141.149;
354;MGAB_add_white_noise_1_8.test.out;10000;102;0;YAHOO_add_white_noise_05_Yahoo_A2synthetic_89_data.out;0.7417794463577989;5080611.202;1.0
355;MGAB_add_white_noise_1_8.test.out;10000;102;0;YAHOO_add_white_noise_05_Yahoo_A2synthetic_8_data.out;0.7420150353424052;1879097.666;1.0
356;MGAB_add_white_noise_1_8.test.out;10000;102;0;YAHOO_add_white_noise_05_Yahoo_A2synthetic_90_data.out;0.742412626405612;16500238.395;
357;MGAB_add_white_noise_1_8.test.out;10000;102;0;YAHOO_add_white_noise_05_Yahoo_A2synthetic_91_data.out;0.742743029107181;52456068.142;
358;MGAB_add_white_noise_1_8.test.out;10000;102;0;YAHOO_add_white_noise_05_Yahoo_A2synthetic_92_data.out;0.7428722300681212;8177225.821;1.0
359;MGAB_add_white_noise_1_8.test.out;10000;102;0;YAHOO_add_white_noise_05_Yahoo_A2synthetic_93_data.out;0.7427549071819943;27967208.681;
360;MGAB_add_white_noise_1_8.test.out;10000;102;0;YAHOO_add_white_noise_05_Yahoo_A2synthetic_94_data.out;0.7418056091903743;5915386.573;1.0
361;MGAB_add_white_noise_1_8.test.out;10000;102;0;YAHOO_add_white_noise_05_Yahoo_A2synthetic_95_data.out;0.7426704175154746;22861703.262;
362;MGAB_add_white_noise_1_8.test.out;10000;102;0;YAHOO_add_white_noise_05_Yahoo_A2synthetic_96_data.out;0.7430087261242315;3948361.903;1.0
363;MGAB_add_white_noise_1_8.test.out;10000;102;0;YAHOO_add_white_noise_05_Yahoo_A2synthetic_97_data.out;0.7428043928871335;13371028.345;
364;MGAB_add_white_noise_1_8.test.out;10000;102;0;YAHOO_add_white_noise_05_Yahoo_A2synthetic_98_data.out;0.742738438300787;55104434.545;
365;MGAB_add_white_noise_1_8.test.out;10000;102;0;YAHOO_add_white_noise_05_Yahoo_A2synthetic_99_data.out;0.7429766444204887;4521969.172;1.0
366;MGAB_add_white_noise_1_8.test.out;10000;102;0;YAHOO_add_white_noise_05_Yahoo_A2synthetic_9_data.out;0.7409031551366094;3585003.167;1.0
